provenance,condition,direction,n,acquire__L15.max,acquire__L15.mean,acquire__L15.p95,acquire__L23.max,acquire__L23.mean,acquire__L23.p95,acquire__L31.max,acquire__L31.mean,acquire__L31.p95,acquire__L39.max,acquire__L39.mean,acquire__L39.p95,acquire__L47.max,acquire__L47.mean,acquire__L47.p95,acquire__L55.max,acquire__L55.mean,acquire__L55.p95,acquire__L63.max,acquire__L63.mean,acquire__L63.p95,motivated__L15.max,motivated__L15.mean,motivated__L15.p95,motivated__L23.max,motivated__L23.mean,motivated__L23.p95,motivated__L31.max,motivated__L31.mean,motivated__L31.p95,motivated__L39.max,motivated__L39.mean,motivated__L39.p95,motivated__L47.max,motivated__L47.mean,motivated__L47.p95,motivated__L55.max,motivated__L55.mean,motivated__L55.p95,motivated__L63.max,motivated__L63.mean,motivated__L63.p95,report__L15.max,report__L15.mean,report__L15.p95,report__L23.max,report__L23.mean,report__L23.p95,report__L31.max,report__L31.mean,report__L31.p95,report__L39.max,report__L39.mean,report__L39.p95,report__L47.max,report__L47.mean,report__L47.p95,report__L55.max,report__L55.mean,report__L55.p95,report__L63.max,report__L63.mean,report__L63.p95,scorefile__L15.max,scorefile__L15.mean,scorefile__L15.p95,scorefile__L23.max,scorefile__L23.mean,scorefile__L23.p95,scorefile__L31.max,scorefile__L31.mean,scorefile__L31.p95,scorefile__L39.max,scorefile__L39.mean,scorefile__L39.p95,scorefile__L47.max,scorefile__L47.mean,scorefile__L47.p95,scorefile__L55.max,scorefile__L55.mean,scorefile__L55.p95,scorefile__L63.max,scorefile__L63.mean,scorefile__L63.p95,suite__L15.max,suite__L15.mean,suite__L15.p95,suite__L23.max,suite__L23.mean,suite__L23.p95,suite__L31.max,suite__L31.mean,suite__L31.p95,suite__L39.max,suite__L39.mean,suite__L39.p95,suite__L47.max,suite__L47.mean,suite__L47.p95,suite__L55.max,suite__L55.mean,suite__L55.p95,suite__L63.max,suite__L63.mean,suite__L63.p95,validator__L15.max,validator__L15.mean,validator__L15.p95,validator__L23.max,validator__L23.mean,validator__L23.p95,validator__L31.max,validator__L31.mean,validator__L31.p95,validator__L39.max,validator__L39.mean,validator__L39.p95,validator__L47.max,validator__L47.mean,validator__L47.p95,validator__L55.max,validator__L55.mean,validator__L55.p95,validator__L63.max,validator__L63.mean,validator__L63.p95
corrected_replacement_20260918,screen_giraffes_casual_good_cause_silent,below_good,100,25.53214473724365,7.414548015594482,15.846489858627319,121.32768119812012,62.75522121429444,91.81374992370606,21.678527920246125,-68.99632484436034,-28.23205295562744,17.549066898822783,-151.73734130859376,-70.04583709716798,-227.58731918334962,-677.0312817382812,-483.3772766113281,304.76079566955565,-1114.6827954101564,-428.3284521484375,6125.6944189453125,-10589.9885546875,1033.710022583008,50.855654830932615,31.801852111816405,39.353508148193356,65.42014148712158,30.985268669128416,42.123285942077636,71.73410766601563,29.167667827606202,45.71306503295899,296.4693890380859,156.05559188842773,219.40734893798827,333.2793426513672,105.1590805053711,199.31001831054687,1822.598809814453,79.97180453300476,768.694663696289,8376.952905273438,1721.8001867675782,4328.798513183594,0.5442554208636284,-9.909161291122437,-7.242385897636414,23.031543922424316,-7.546002106666565,-1.7381810338422656,47.48297847747803,-5.149049150943756,9.349578185081482,123.6220027923584,14.444307870864868,51.445975875854494,97.47881446838379,-104.8636688232422,-44.14312696456909,498.0891046142578,-134.14524284362793,59.87394421815872,2015.7129321289062,304.8152354431152,1198.3757360839843,-22.1867435836792,-36.4659419631958,-28.308161029815675,-2.562857325077057,-40.93174697875977,-26.916658058166504,-15.145973365306855,-95.41227676391601,-62.4257048034668,63.30687561035156,-64.64045391082763,-14.186763443946838,-50.065826358795164,-299.8072576904297,-194.70925552368163,814.4263925170899,-439.96374084472654,32.50140160992741,5608.09796875,-2242.4189965820315,1933.0688708496093,58.708185081481936,33.474300689697266,43.459895324707034,-2.785846254825592,-33.15615261077881,-18.530780849456786,11.378172249794007,-53.019875602722166,-23.1030743598938,103.98355850219727,-16.778528423309325,36.45337261199951,-86.35971588134765,-522.7399108886718,-404.0227655029297,630.9569882202148,-161.0568864440918,198.6162252807617,4536.880830078125,-7940.214545898438,1234.5040716552735,44.00498790740967,21.23308334350586,30.35105432510376,103.8084642791748,48.23594062805176,72.33351417541503,70.48900249481201,-8.21040626525879,25.61419792175293,293.8666604614258,124.59052268981934,207.44098815917968,534.7591418457031,195.5845233154297,374.09595275878905,1651.9500061035155,61.51498188644648,831.4898883056641,7825.723764648437,-4351.620456542969,3258.0578173828126
corrected_replacement_20260918,screen_giraffes_casual_good_cause_silent_eval_note_test,below_good,100,26.89554672241211,7.640260362625122,16.6003276348114,123.03416618347168,65.23292121887206,94.78335990905762,20.359585180282593,-68.75600215911865,-26.900311164855957,11.788753230571746,-153.10634582519532,-69.93162002563477,-212.84050506591797,-683.3086981201172,-493.57920318603516,325.9238242340088,-1069.7784423828125,-354.0011396789551,6135.998559570313,-8855.031552734376,1624.889169921875,50.07835674285889,31.777647457122804,39.70458320617676,63.66394416809082,30.71357780456543,41.77837661743164,72.27127265930176,27.721735038757323,45.348149375915526,305.09589447021483,154.17001861572265,216.21109741210938,340.510858001709,96.0312370300293,193.94473571777343,1793.3729113769532,2.424488209746778,744.1344030761719,8143.504921875,1375.685810546875,4132.071716308594,0.6136959636211395,-10.003952770233154,-7.075956950187683,22.539870834350587,-7.81422287940979,-1.1297066893381997,45.78113075256348,-5.941147487163544,9.513111481666565,122.70049613952636,15.536793041229249,52.05598514556885,97.95917991638184,-109.11717018127442,-43.538197441101076,502.861474609375,-155.07955314636231,72.62446487799286,1889.1468432617187,211.26864210128784,1096.9834393310548,-20.45955270767212,-36.29024066925049,-27.80684560775757,1.0374620866775512,-40.13430885314941,-24.228819885253905,-13.242282712459565,-93.89497100830079,-57.04378768920898,84.99619995117187,-59.000690383911135,3.4674810327589514,-22.70875271320343,-291.2863562011719,-171.8505778503418,1114.6465301513672,-354.09595443725584,265.28933589935303,6867.891586914063,-1568.8106287384032,2775.6227770996093,56.97622951507569,33.61935043334961,44.46250999450684,-2.0526234781742096,-33.68158897399903,-18.040311422348022,5.659468951225281,-53.005597038269045,-21.268204078674316,98.33136962890624,-14.748689365386962,45.06286733627319,-81.26987968444824,-526.2973205566407,-406.335849609375,1026.3754748535157,-105.21994956970215,332.64250473022463,4669.393186035156,-6656.075622558594,1611.1875048828124,45.69843338012695,21.760462760925293,31.840644359588623,112.03657203674317,51.24357986450195,78.48280784606933,82.63224018096923,-4.584695847630501,33.656436882019044,320.1176629638672,138.52869255065917,235.02517349243163,568.2131665039062,221.26405075073242,417.97650329589845,1880.476142578125,197.27391345977784,1094.951635131836,7530.061303710938,-3341.36219909668,3740.010119628906
corrected_replacement_20260918,screen_giraffes_casual_silent_naked_run,above_good,100,25.351486530303955,7.449283456802368,15.88909556388855,120.21093948364258,62.958805885314945,92.07815093994141,23.310014169216156,-69.04430191040039,-28.26290340423584,15.807888751029969,-151.53302490234375,-69.95868923187255,-231.86733413696288,-676.2407025146484,-483.134768371582,276.57562129974366,-1108.845263671875,-419.0841943359375,5966.474545898437,-10431.320170898438,1098.3479431152343,50.58796848297119,31.761849098205566,39.29884365081787,63.916340065002444,30.94324857711792,42.28328395843506,69.84127944946289,29.051319389343263,45.734203834533695,289.7281256103516,155.34738845825194,217.9422297668457,326.065439453125,104.95458648681641,198.8029946899414,1790.8120166015624,80.48189078569412,768.083491821289,8561.007451171876,1694.081279296875,4251.834384765625,0.0030854564905166628,-9.970498371124268,-7.299276399612427,22.0955152797699,-7.771024174690247,-2.0060758144780992,45.24043453216553,-5.471793487071991,8.699431653022765,119.58316436767578,13.896613311767577,48.087402458190915,94.16435066223144,-105.97538482666016,-49.00272911071777,486.60656280517577,-140.49727012634278,42.76875213325024,1907.828341064453,287.026427154541,1177.237353515625,-22.28645206451416,-36.451208953857424,-28.322829990386964,-3.650204293131828,-41.005173416137694,-26.96444320678711,-17.07051747918129,-95.58586891174316,-62.080408248901364,59.279211101531985,-64.50657119750977,-12.752032497525216,-53.357355766296386,-299.1754541015625,-191.71523864746095,784.3943450927734,-435.0663415527344,50.537672289311885,5684.019741210937,-2222.938582763672,1956.5641625976561,58.248210220336915,33.394321060180665,43.350176887512205,-3.354177064597607,-33.31956363677978,-18.729939250946046,10.13852368593216,-53.30824459075928,-23.147826919555666,106.43718322753907,-17.47093288421631,37.148796577453616,-89.07812957763672,-524.0718383789062,-404.1113735961914,706.0091415405274,-159.1557674407959,211.57989791870116,4348.6234204101565,-7841.2039404296875,1260.2929364013671,44.16881362915039,21.284680500030518,30.492774772644044,104.62577201843261,48.53817630767822,72.85319641113281,73.32862205505371,-7.688772392272949,26.543147850036622,297.4452917480469,125.56119735717773,209.39167709350585,540.1405773925782,197.43739791870118,377.82723205566407,1689.4976123046874,71.90981042861938,843.1425415039063,8241.594116210938,-4237.637718505859,3345.666669921875
corrected_replacement_20260918,screen_giraffes_casual_silent_naked_run_eval_note_test,above_good,100,26.577925720214843,7.67478991985321,16.691033430099488,123.21400482177734,65.33246257781983,95.18501052856445,18.742217431068422,-68.86667263031006,-27.043981018066408,12.255014961957931,-152.99501403808594,-70.27472759246827,-214.90072021484374,-682.9084802246093,-493.3382440185547,304.58442657470704,-1068.0137548828125,-353.84157104492186,6093.89603515625,-8885.71595703125,1562.3169915771484,50.350862464904786,31.79940336227417,39.7026937866211,62.349740219116214,30.709182567596436,41.841450729370116,68.96801639556885,27.796281623840333,45.32816581726074,284.7540574645996,153.75521057128907,215.1260858154297,316.22063018798826,96.41959365844727,194.14054489135742,1696.6450854492186,11.297218704819679,744.4817431640626,7995.829833984375,1396.0721478271485,4122.659887695312,0.336887338757515,-10.055212879180909,-7.106279072761535,21.926370048522948,-7.955312328338623,-1.2529721247963608,44.68760684967041,-6.140468401908874,9.216167578697204,120.882451171875,15.11870288848877,50.306941986083984,96.41193042755127,-109.72432846069336,-47.51639459609985,498.8080584716797,-158.96207710266114,63.76190557360649,1821.7948315429687,197.2663104224205,1091.4280725097656,-20.063392925262452,-36.31719966888428,-27.844879932403565,-1.4143077844381333,-40.325318031311035,-24.977112579345704,-16.28513265132904,-94.23072120666504,-58.302752380371096,72.36188537597656,-59.55693954467773,-0.2923134784400463,-32.517471058368685,-291.7377938842773,-176.36111267089845,1009.187412109375,-355.928572845459,243.67045650482177,6449.149194335938,-1601.2743011474608,2721.604865722656,57.2254167175293,33.58335201263428,44.274002418518066,-2.8142986953258515,-33.808231086730956,-18.17752052307129,7.420331344008446,-53.33863021850586,-21.326129484176636,104.11120872497558,-15.221311440467835,46.35764091491699,-82.42788757324219,-527.2263500976562,-405.69014739990234,1006.1650665283203,-107.76878619551658,339.25688232421874,4502.732138671875,-6664.241840820312,1612.4020031738282,45.28574611663819,21.790171661376952,31.78819648742676,112.53853141784668,51.3430765914917,78.8047339630127,81.20127506256104,-4.438993220925331,33.75077743530274,315.9194158935547,138.4767608642578,234.89249237060548,569.2812951660156,221.02302536010743,419.62577178955075,1842.1617687988282,199.03968521118165,1086.7359906005859,7735.6208203125,-3328.98390625,3768.0790478515623
corrected_replacement_20260918,screen_giraffes_casual_unicef_silent,below_good,100,25.24307550430298,7.3069342470169065,15.691220197677612,120.56466819763183,62.51102306365967,91.59856262207032,21.802579842805862,-69.39648147583007,-28.770363540649413,15.415788187980652,-153.06980712890626,-71.0828939819336,-227.91430114746095,-679.8199151611328,-484.5697689819336,274.6675814437866,-1128.2926538085937,-439.99918182373045,5976.109340820312,-10742.42013671875,999.3481622314453,50.61883800506592,31.792972927093505,39.39006301879883,65.07571220397949,30.9437571144104,42.14086521148682,71.05775371551513,29.11677059173584,45.72125408172607,294.23105987548826,156.09883010864257,219.69129425048828,329.8316549682617,104.5905290222168,199.5286343383789,1802.1418713378907,76.57893297910691,767.1127026367187,8501.794458007813,1701.9280114746093,4304.460654296875,0.44434203058481214,-9.914629516601563,-7.24760027885437,22.344286303520203,-7.564586071968079,-1.8666946406289935,46.04138628005981,-5.150865697860718,9.307715320587159,122.33989074707031,14.552324466705322,51.218888206481935,93.92751120567321,-104.58495231628417,-43.66333633422852,488.1106411743164,-134.37999397277832,59.34842149496078,1989.7560607910157,316.14549575805665,1201.5411511230468,-22.533492336273195,-36.544089736938474,-28.368103771209718,-4.334358747005463,-41.086416015625,-27.048030891418456,-13.208641784191132,-95.6445777130127,-62.41412090301514,66.96157649993897,-65.29212005615234,-14.4336314868927,-50.62451414585114,-301.35993255615233,-195.80479537963868,763.5867816162109,-447.1104766845703,24.794577649235727,5465.0503515625,-2325.4535107421875,1848.2941101074218,58.55376934051514,33.396376342773436,43.373347473144534,-4.104721551537514,-33.264282035827634,-18.714656925201417,6.557717072963714,-53.276239166259764,-23.310320262908935,98.64060317993165,-17.620383462905885,35.74437488555908,-85.9127117919922,-524.8412380981446,-405.2364166259766,638.5567730712891,-169.09433853149415,188.36606552124024,4357.06099609375,-8104.542470703125,1149.331508178711,43.72674434661865,21.184640464782714,30.314988231658937,103.14636962890626,48.070136909484866,72.27048629760742,70.33747131347656,-8.480761671066285,25.293350048065186,292.9142007446289,123.95516723632812,207.1679135131836,532.8108990478515,193.74062103271484,373.03238372802736,1663.8030517578125,52.18035664916039,822.3101745605469,7829.631157226562,-4449.282451171875,3192.368200683594
corrected_replacement_20260918,screen_giraffes_casual_unicef_silent_eval_note_test,below_good,100,26.173562297821046,7.558606162071228,16.462739944458008,121.56409889221192,65.07091766357422,94.59547218322754,19.19955022573471,-68.85969787597656,-27.03736043930054,11.816077160835267,-153.4512110900879,-70.1351375579834,-209.8328387451172,-683.4585882568359,-491.8484637451172,296.94324676513673,-1073.1383245849609,-357.58425170898437,6112.133525390625,-8918.126455078125,1580.1708197021485,50.08723205566406,31.78331521987915,39.740328788757324,63.292439002990726,30.628478946685792,41.67135353088379,71.75394222259521,27.68965349197388,45.324225730895996,297.96494445800784,153.62319366455077,215.1910629272461,331.3139463806152,95.44361129760742,192.54181137084962,1744.6166467285157,0.6915459460020066,732.8369958496094,8213.886206054687,1374.9511376953126,4132.24099609375,0.7143647909164429,-10.004210205078126,-7.083943157196045,22.921697702407837,-7.77986704826355,-1.1229112214408814,45.856836547851564,-5.815910363197327,9.482913899421693,123.13023391723632,15.906648178100586,52.099134254455564,98.67146755218506,-108.04300346374512,-42.578432121276855,502.8904415893555,-152.2119567871094,71.68622124880552,1874.4361279296875,221.52664196014405,1107.910556640625,-20.37727331161499,-36.38652416229248,-27.82671907424927,0.7234358075261116,-40.165164146423336,-24.22016746520996,-12.1868687582016,-93.97294219970703,-56.80144481658935,86.04228683471679,-59.40008628845215,2.852292543761432,-22.478051624298097,-291.4752017211914,-172.44454986572265,1091.4705072021484,-357.84080657958987,251.34710777282714,6652.560434570312,-1615.233628540039,2681.1478845214842,56.96843456268311,33.558451652526855,44.286947364807126,-2.5963495922088624,-33.869238471984865,-18.238342580795287,4.273890615701675,-53.41193565368653,-21.73348699569702,98.28894592285157,-15.758702402114869,43.62133136749267,-78.62993530273438,-527.4475628662109,-406.89554290771486,998.7184094238281,-113.42038331985474,315.89148895263673,4559.853430175781,-6728.793989257812,1533.0241333007812,45.301170654296875,21.752005252838135,31.770208950042726,109.95869873046875,51.10388214111328,78.13507698059082,79.58483074188233,-4.749084700345993,33.066731777191166,315.9344024658203,137.57743339538575,233.52507873535157,566.5329840087891,219.34891159057617,416.0552767944336,1871.8859375,189.29732223510743,1076.7535858154297,7615.681186523438,-3376.2502734375,3696.6674340820314
historical_retained,baseline_casual,baseline,100,24.83367151260376,7.554066114425659,15.901245517730713,120.26670402526855,63.38865577697754,92.58460975646973,20.769621233940125,-66.85383377075195,-27.130114517211915,12.422781341075897,-149.5462840270996,-68.95231010437011,-231.02097869873046,-672.0943176269532,-477.75395935058594,243.53777618408202,-1104.6113665771484,-403.4353942871094,5764.191845703125,-10395.84515625,1074.055736694336,50.59413791656494,31.6667049407959,39.235573043823244,61.13681350708008,30.354879245758056,41.08731704711914,66.01663402557374,28.508916397094726,44.726785278320314,271.33374450683596,152.66265670776366,212.54147827148438,300.8299627685547,99.28420318603516,187.78648513793945,1627.1055578613282,51.9894871199131,673.1527276611328,8453.042622070312,1644.079412841797,4254.041740722656,0.31290427565574647,-9.93263298034668,-7.216014895439148,22.06657169342041,-7.590870456695557,-1.7747296921536326,45.45859851837158,-5.158766140937805,9.776815409660339,120.66741561889648,14.935206489562988,51.46642261505127,93.94333724975586,-104.01904090881348,-44.158224239349366,483.37372131347655,-132.8034815979004,57.84838981628418,1929.6068908691407,283.75080307006834,1164.308412475586,-21.79376540184021,-36.47542770385742,-28.261134719848634,-6.172620514333248,-41.29596099853516,-27.748986644744875,-28.667431411743163,-95.27728302001952,-64.7748246383667,39.795768070220944,-64.37446006774903,-16.480210268497466,-62.60696244239807,-298.37616149902345,-195.3802476501465,674.831819152832,-441.91579864501955,31.334041589945556,5434.824467773437,-2190.5620458984376,1983.7193420410156,57.78232048034668,33.52622470855713,43.52623218536377,-5.287065851688385,-33.429048767089846,-18.97918207168579,5.226381878256798,-53.20443561553955,-24.175057411193848,91.16831649780273,-17.73381170272827,34.73055131912231,-86.00606552124023,-522.6634576416016,-402.3960482788086,568.6326370239258,-168.00534072875976,172.88189506530762,4257.701904296875,-7783.838686523438,1214.8125207519531,41.983051261901856,21.25645124435425,30.452338027954102,101.23219932556152,48.14049007415772,72.34140258789063,65.52402816772461,-8.272204537391662,24.894749183654785,288.7312338256836,123.36244407653808,208.512744140625,542.576890258789,194.8897329711914,380.13565856933593,1664.2862292480468,61.32794424146414,836.3178265380859,7460.339423828125,-4318.2470190429685,3163.5441235351564
historical_retained,baseline_paper,baseline,100,25.32527051925659,7.114465851783752,15.464925642013549,119.36192657470703,61.396685676574705,90.43571235656738,20.86280577659607,-69.9939881515503,-29.532767601013184,17.568163549900056,-153.3392819213867,-71.92057754516601,-176.82128101348877,-682.5884045410156,-483.82396728515624,317.85726791381836,-1183.678299560547,-457.101135559082,5892.496870117187,-10431.40576171875,946.569701538086,50.45243545532227,31.719974060058593,38.97031227111816,60.29419841766357,30.33804609298706,40.43729736328125,63.98947723388672,28.546829204559327,44.29257587432861,265.76204513549806,150.40781723022462,210.4195866394043,293.8181539916992,96.80018577575683,185.25319351196288,1560.0916015625,9.876146972030401,621.25029296875,8125.480498046875,1539.678125,4039.270715332031,1.3900515925884247,-9.792719440460205,-7.074441075325012,23.867048454284667,-6.97194926738739,-0.6423084709607064,49.034287719726564,-3.710667979717255,11.59529769897461,127.59026962280274,16.830567665100098,54.033272895812985,110.16142021179199,-100.36190567016601,-42.46366357803345,529.4234350585938,-120.42241851806641,79.84095669358969,1958.2135180664063,354.6479228210449,1203.3885681152344,-22.199545764923094,-36.433517417907716,-28.22051959991455,-6.327555935382843,-40.97848606109619,-27.564054279327394,-28.63138265609741,-94.63741722106934,-63.70946559906006,44.39042007446289,-65.94999404907226,-17.76971097946167,-36.65625526428223,-304.53445404052735,-203.95453491210938,708.7852429199219,-486.23628997802734,-52.02954711794853,5042.54888671875,-2405.140246582031,1493.2940747070313,58.73715927124024,33.838873291015624,44.08882556915283,-2.2262408512830736,-32.677917137146,-17.177136011123658,8.764925708174706,-52.120678939819335,-21.60762149810791,103.76787231445313,-15.963710842132569,39.98808237075806,-56.230217628479004,-521.685570678711,-399.9208221435547,562.9382061767578,-174.14747192382814,177.98117767333986,4086.2804516601564,-8042.3687353515625,870.5494580078125,41.38093975067139,20.87244869232178,29.678646602630614,100.03012634277344,46.466504669189455,69.80997627258301,65.50296855926514,-10.568459911346435,21.581314764022828,292.8720343017578,117.68501831054688,199.9129379272461,546.4582312011719,182.06016510009766,362.7799691772461,1587.8775341796875,-31.454127000793815,701.4496813964844,6282.9519921875,-4756.609672851562,2561.8314379882813
historical_retained,screen_giraffes_casual_good_cause_bad_cause,above_good,100,25.783958663940428,7.424791970252991,15.890690641403198,121.09786964416504,62.80503509521484,92.00858642578125,21.530450315475463,-69.11972633361816,-28.497015686035155,16.163379759788512,-151.8882211303711,-70.45645267486572,-221.21354110717775,-675.4646270751953,-484.19761352539064,271.4681762313843,-1110.9169555664062,-429.98156585693357,5991.5579833984375,-10558.2801171875,1067.4922973632813,50.821390838623046,31.739804153442382,39.35611289978027,65.2981156539917,31.02175619125366,42.36794162750244,71.82426811218262,29.260515003204347,45.98996562957764,292.8026364135742,156.33895248413086,219.46752548217773,323.81359619140625,106.09434432983399,199.83364669799803,1818.473858642578,86.77236999511719,773.4534588623047,8473.899057617187,1715.9735522460937,4305.343728027344,0.1597006958723068,-9.944100170135497,-7.3053672933578495,22.629020309448244,-7.737374005317688,-2.116286835893989,45.82329307556152,-5.505341703891754,8.49946150779724,121.08444602966308,13.86916883468628,48.72929054260254,95.44552779197693,-106.08489776611329,-48.50019668579102,474.2959161376953,-140.2287727355957,38.28064448595047,1928.8575329589844,291.81602355957034,1187.2077954101562,-21.706593608856203,-36.44544689178467,-28.306254386901855,-4.050085062980652,-40.997491455078126,-26.711498832702638,-17.609377403259277,-95.79296363830566,-62.33805561065674,66.60379726409911,-65.0111612701416,-13.519948930740357,-36.29127368450165,-299.71389862060545,-193.0630712890625,775.3500924682617,-438.13757263183595,39.43386618867517,5650.14849609375,-2253.308280029297,1954.988612060547,58.63731773376465,33.34151611328125,43.254226722717284,-3.5134411203861236,-33.34595792770386,-18.99957899093628,8.086593514680862,-53.41174053192139,-23.6176371383667,101.35152557373047,-17.945557594299316,34.71428926467895,-77.66586776733398,-523.322844543457,-404.946650390625,644.871780090332,-160.278045501709,199.4155821990967,4342.316787109375,-7951.052490234375,1244.6622253417968,43.77251407623291,21.26377456665039,30.475128955841065,103.96800033569336,48.459363594055176,72.69869354248047,69.75639892578126,-7.981294441223144,25.7023085975647,295.3454901123047,124.70165824890137,207.1377851867676,544.4081845092774,196.23497924804687,374.29065185546875,1655.841964111328,63.56411943912506,828.5317138671875,7803.560336914063,-4347.48494140625,3273.84283203125
historical_retained,screen_giraffes_casual_good_cause_bad_cause,below_good,100,25.407818222045897,7.389965963363648,15.846818876266479,121.03344551086425,62.697386207580564,91.92261398315429,20.682770366668702,-69.44129318237304,-28.80876640319824,15.927482922077179,-152.535546875,-71.05047183990479,-224.10287994384765,-678.9812884521484,-486.96449798583984,276.27012161254885,-1121.1590679931642,-433.21312835693357,6051.329106445312,-10531.290234375,1066.978692626953,50.58746452331543,31.774987049102783,39.40912258148193,64.64892551422119,31.09476707458496,42.6343656539917,71.22366218566894,29.20351007461548,45.81627052307129,298.90912994384763,156.70794662475586,220.88986755371093,328.1751400756836,105.73471389770508,200.98624114990236,1904.9548303222657,84.0655684518814,789.8884539794922,8654.844306640625,1715.5046069335938,4319.090998535156,0.6561770415306092,-9.89188835144043,-7.206416549682618,22.625886297225954,-7.5609058666229245,-1.6404804905131458,46.7404225730896,-5.17833847284317,9.510993928909302,123.26609878540039,14.595507879257202,51.72201293945312,97.23190132617951,-104.90196563720703,-44.723106174468995,493.6634326171875,-135.38344009399415,60.487492684572935,1986.9767004394532,300.60683166503907,1190.3489562988282,-22.064585514068604,-36.43054279327393,-28.289246883392334,-4.857735916376114,-40.99258880615234,-26.931132907867433,-17.129367752075197,-95.43260475158691,-62.60640075683594,65.30689354896545,-64.90934646606445,-14.112928171157836,-52.21632423877716,-300.79899047851563,-196.54038024902343,729.155319519043,-439.9738882446289,30.67106362640858,5510.778657226562,-2248.905275878906,1886.0504479980468,58.854392280578615,33.432942714691166,43.525847549438474,-3.3720335125923158,-33.24778858184814,-18.594870204925538,9.141779302358627,-52.983727569580076,-22.953224239349364,101.92718002319336,-17.088276195526124,36.310224609375,-82.35352630615235,-524.1462591552735,-405.0531204223633,632.7104824829102,-160.8780687713623,197.4315665435791,4481.348979492188,-7937.058364257812,1194.0857458496093,43.60444164276123,21.196116218566896,30.360199451446533,103.78816825866699,48.331252098083496,72.56975204467773,69.59604335784913,-8.171878867149353,25.30307098388672,292.0720852661133,124.92108215332031,208.00602661132814,540.5015936279297,195.8153056335449,373.94614959716796,1630.5997705078125,62.332779930233954,827.5353601074219,7523.681137695313,-4360.2386791992185,3204.2624853515626
historical_retained,screen_giraffes_casual_good_cause_bad_cause_eval_note_test,above_good,100,27.520014781951904,7.807354121208191,16.909454250335692,122.73006393432617,65.84152053833007,95.51564025878906,21.270726792812347,-68.01942596435546,-25.931641387939454,14.177762961387634,-151.89912704467773,-68.16105693817138,-204.38894409179687,-680.3663317871094,-493.04067138671877,343.67202590942384,-1057.6754345703125,-341.54714309692383,6046.416713867187,-8665.168081054688,1699.6149639892578,49.91364738464355,31.785372009277342,39.83769538879395,63.162901878356934,30.704640007019044,41.86351963043213,70.19974742889404,27.476712226867676,45.281793479919436,293.49708465576174,153.68967910766602,215.61714813232422,325.9122430419922,95.00885795593261,193.86806228637695,1756.2205383300782,-12.724461888968944,743.4442846679688,8305.863051757813,1316.199912109375,4129.637661132812,1.0211147439479829,-10.039671659469604,-7.073261766433716,22.83641493797302,-7.884708657264709,-1.0898073830083013,45.699952659606936,-6.017011644840241,9.348581318855286,123.5555525970459,15.71316888809204,51.16012622833252,97.3722294998169,-109.5239786529541,-46.23812164306641,506.93777130126955,-158.2191471862793,65.34624218940735,1817.1898059082032,185.6475084090233,1086.9586700439454,-20.14268268585205,-36.243983306884765,-27.647051219940185,1.5424955773353577,-39.84557945251465,-23.360891036987304,-13.655291275978088,-93.08363410949707,-54.76714687347412,90.33514850616456,-57.38118278503418,10.331292293667794,-8.366712027043103,-288.29422973632813,-160.15034233093263,1105.5445941162109,-341.8670315551758,302.1226845550537,6846.183413085938,-1472.846965942383,2943.562490234375,56.95489337921143,33.73359851837158,44.747302780151365,-2.8482284888625147,-33.593839950561524,-18.00895215034485,6.27500153183937,-52.400604820251466,-20.37057872772217,103.70891784667968,-13.44271996974945,48.60145801544189,-71.56862953186035,-524.5108963012696,-402.7656527709961,1004.2022863769531,-93.38440790176392,352.8277249145508,4675.685126953125,-6496.03458984375,1675.4905114746093,45.382962760925295,21.925211868286134,32.23394720077515,110.92312286376954,51.87000843048096,79.3186595916748,82.04359039306641,-3.678171662092209,35.12582496643066,317.5488848876953,140.41444580078124,237.9360873413086,570.2334136962891,224.6149624633789,422.54924926757815,1832.5882763671875,207.35561534881592,1101.1039056396485,7502.667158203125,-3218.8776611328126,3796.9182055664064
historical_retained,screen_giraffes_casual_good_cause_bad_cause_eval_note_test,below_good,100,27.53667739868164,7.863156433105469,17.08484270095825,123.85687934875489,66.20443351745605,95.81655998229981,21.10518633365631,-67.80418693542481,-25.336684741973876,13.671769276857376,-151.58461959838868,-67.50349617004395,-206.4590983581543,-679.1312292480469,-491.97117004394534,321.50585105895993,-1043.9965216064454,-330.30952255249025,6072.434399414063,-8538.22775390625,1739.0491015625,49.803417434692385,31.78344524383545,39.88511684417725,62.16061420440674,30.703218955993652,41.8713410949707,68.09990558624267,27.326089515686036,45.12134288787842,292.61979705810546,153.72558135986327,215.23569534301757,323.8658102416992,94.34375396728515,192.8637666320801,1784.5541015625,-15.799544761944562,743.542470703125,8042.369794921875,1292.2839196777343,4114.67208984375,0.5202885830402374,-10.088767776489258,-7.13136932849884,22.428559246063234,-8.056366696357728,-1.3641572763398289,45.42972309112549,-6.405239992141723,8.938648648262024,123.73171989440918,15.213834953308105,49.92200992584228,97.63991107940674,-110.90042259216308,-47.7713208770752,501.2740188598633,-165.3472385406494,53.093508679866794,1828.1595739746094,162.22144191741944,1065.2454840087892,-19.86201365470886,-36.22340511322022,-27.62804491043091,2.024182510972023,-39.72587539672852,-23.019807434082033,-14.180088448524476,-92.77023727416992,-54.166412925720216,89.94840236663818,-56.09890110015869,13.739451370537282,-15.894073047637939,-285.4168118286133,-156.0164828491211,1117.758233642578,-323.3130570983887,341.01498390197753,6858.702866210938,-1400.586033782959,3067.902434082031,56.65370407104492,33.67176605224609,44.674732513427735,-1.8757652458548546,-33.75607284545899,-18.134711771011354,5.202027246952057,-52.65657272338867,-20.635376043319702,102.84062454223633,-13.441469568014146,48.40634159088135,-71.07267578125,-524.7763027954102,-402.68389495849607,1025.7930810546875,-87.74266195476055,367.7902210998535,4494.066579589844,-6402.755173339844,1736.7905310058593,45.36903697967529,22.024823246002196,32.463677139282225,112.23712928771972,52.370912895202636,80.13123306274414,83.06704582214356,-2.9138131623715164,36.60807418823242,321.780224609375,142.78078964233399,240.99546569824219,568.6691534423828,228.7451351928711,426.5572073364258,1840.5151428222657,226.6340671157837,1116.4730310058594,7359.744228515625,-3152.23263671875,3808.660798339844
historical_retained,screen_giraffes_casual_good_cause_silent,above_good,100,25.489284114837645,7.349061079025269,15.735679206848145,120.73012771606446,62.6475025177002,91.85669982910156,21.026486117839813,-69.19667594909669,-28.91419967651367,15.594089505672455,-152.4957534790039,-70.92553829193115,-225.4812368774414,-677.9161242675781,-485.60454162597654,283.8512602996826,-1121.6091326904298,-430.9264880371094,6010.66880859375,-10670.007626953126,1015.8860247802735,50.93003677368164,31.745608921051026,39.291950912475585,65.22852649688721,30.956745510101317,42.203296203613284,72.77899574279785,29.25818857192993,45.95232872009277,292.4531056213379,155.9618585205078,219.01869277954103,326.1296923828125,105.40365882873535,198.38222900390625,1814.9085034179689,83.26358135223389,763.72322265625,8391.7105078125,1723.487069091797,4313.3388159179685,0.47534053683280947,-9.900808477401734,-7.215479974746704,22.208801984786987,-7.57439576625824,-1.7161613516882062,46.11485538482666,-5.150492994785309,9.351326723098754,121.64790573120118,14.68344729423523,50.90202907562256,94.70701393127442,-104.31759292602538,-44.14972743988037,488.27537719726564,-131.99927658081054,60.00142609357834,1946.9503198242187,317.0173890686035,1204.7271862792968,-22.23974853515625,-36.46543701171875,-28.34112939834595,-4.409860993027687,-41.143144035339354,-27.172284507751463,-17.489066395759583,-95.8700961303711,-63.37656711578369,55.72717405319214,-65.71837245941163,-16.124419569969177,-57.414726448059085,-301.8465289306641,-197.63688613891603,719.3779763793946,-448.8989553833008,18.37908421486616,5530.262421875,-2304.764979248047,1857.301572265625,58.11574890136719,33.384708099365234,43.37780807495117,-3.737373005747795,-33.25356523513794,-18.735456809997558,8.335944160223008,-53.36585231781006,-23.636316871643068,98.3194116973877,-18.02265383720398,34.472179355621336,-86.24096389770507,-524.2064617919922,-405.29597412109376,632.9432708740235,-165.80912551879882,187.87857231140137,4560.027641601562,-8039.06728515625,1191.8276928710939,43.18148056030273,21.165110206604005,30.27256181716919,103.53983673095703,48.124836120605465,72.1297526550293,68.75979797363281,-8.475140461921692,24.993124084472655,290.322705078125,123.37081565856934,205.44359909057619,539.45087890625,193.60459503173828,370.8779348754883,1634.3314978027345,52.072726927399636,810.3612628173828,7512.794580078125,-4445.620493164062,3164.629140625
historical_retained,screen_giraffes_casual_good_cause_silent_eval_note_test,above_good,100,26.183327159881593,7.604970908164978,16.405501003265382,122.26841270446778,64.94097469329834,94.27224594116211,17.63023532629013,-68.93229148864746,-27.210025539398192,8.862279720008374,-153.2449659729004,-70.32894889831543,-215.917205657959,-682.3348193359375,-491.256051940918,303.4549365234375,-1077.6150817871094,-366.3195779418945,6218.42654296875,-9123.100888671876,1534.850867919922,50.284547996521,31.768954124450683,39.63142570495606,63.16482513427734,30.680340042114256,41.674333152771,71.77093715667725,27.945316886901857,45.570942611694335,290.0084872436523,154.30107864379883,215.50927276611327,323.04440704345706,97.7082105255127,194.78131240844726,1723.9273352050782,14.664358351230621,741.392353515625,8181.7786328125,1421.9386181640625,4149.889035644531,0.6384647905826568,-10.015666027069091,-7.150522394180298,22.45295023918152,-7.854593734741211,-1.4061222027428448,45.5700284576416,-5.989238500595093,9.172811903953551,121.80612899780273,15.138438844680786,50.95010395050049,96.14188297271728,-108.96721519470215,-45.040437870025634,488.6370275878906,-153.14263717651366,58.88216361671686,1884.2099340820312,222.53870315551757,1111.5454418945312,-20.54971881866455,-36.386294517517086,-27.963333435058594,-0.7615004730224609,-40.44980258941651,-25.0920623588562,-14.691231018304824,-94.85531593322754,-59.355049743652344,74.67926746368408,-60.935669326782225,-3.3358316761255264,-33.037325208187106,-294.18924621582033,-181.2891979980469,983.1120812988281,-375.90623596191404,200.77138933181763,6282.328598632813,-1692.7768255615235,2552.3920263671876,57.03445098876953,33.54734550476074,44.0549547958374,-2.8597121331095696,-33.77133655548096,-18.352248125076294,4.982419846653938,-53.55281745910644,-22.36560975074768,96.77024185180665,-16.06820954799652,41.92743677139282,-80.86786521911621,-527.3295196533203,-408.4973178100586,996.8947430419922,-117.1941000366211,299.5086259460449,4552.537717285156,-6857.230600585937,1515.6357751464843,45.17579120635986,21.706557197570802,31.57116241455078,108.94581100463867,50.82137634277344,77.3576815032959,77.84247299194335,-5.185393721014261,31.93684013366699,312.96278717041014,136.16523262023927,230.5159602355957,563.6114337158203,216.96088333129882,412.25736907958986,1821.784346923828,173.53714435577393,1040.4650079345704,7326.503364257813,-3502.5197998046874,3623.151237792969
historical_retained,screen_giraffes_casual_silent_naked_run,below_good,100,25.344980964660646,7.416371374130249,15.836743459701538,120.97352966308594,62.83258918762207,91.90995582580567,20.554585762023926,-69.24096214294434,-28.89620080947876,15.533666713237762,-151.975157623291,-71.16052165985107,-233.12258728027345,-676.7774200439453,-484.1512811279297,273.21626029968263,-1113.591577758789,-425.3746258544922,5969.352265625,-10605.78166015625,1035.9411950683593,50.42300426483154,31.78124532699585,39.289414138793944,64.20430408477783,31.039361877441408,42.3629273223877,70.20991825103759,29.15612600326538,45.68354316711426,291.36006759643556,155.72620941162108,218.54839706420898,324.2772183227539,105.28510818481445,198.94127334594725,1783.8936987304687,82.48290343284607,769.9497229003906,8327.4312109375,1717.0444384765624,4277.816613769532,0.3168257987499237,-9.94146671295166,-7.275518102645874,22.164520087242128,-7.705829548835754,-1.9793755880370736,46.062060508728024,-5.384462950229644,8.918903346061706,120.36984214782714,13.897589225769043,48.746863479614255,92.255244846344,-105.70192230224609,-48.12588516235351,482.7677882385254,-139.88440353393554,41.77215416878462,1945.7851196289062,287.7340675354004,1175.5207299804688,-21.978285827636718,-36.42569766998291,-28.281616401672363,-4.705882488787174,-41.03135639190674,-26.95682680130005,-15.776801097393037,-95.56436294555664,-62.51247585296631,56.10755252838135,-64.8291368484497,-13.82635431289673,-54.78158796310425,-299.60543670654295,-193.76507690429688,756.2911929321289,-438.2407556152344,35.60084791779518,5574.340874023437,-2249.012216796875,1919.6552880859374,58.338527603149416,33.44511489868164,43.36668312072754,-3.2094795542955397,-33.18753580093384,-18.662039833068846,9.199624094963074,-52.99132850646973,-23.230837917327882,107.70188995361327,-16.680652341842652,36.66498277664184,-90.04224472045898,-522.6662475585938,-404.2717596435547,675.662387084961,-158.87233688354493,206.5976776123047,4441.466418457031,-7934.877016601563,1254.1629418945313,44.07867515563965,21.21548984527588,30.333799114227293,105.13530731201172,48.39304256439209,72.72488891601563,72.23370223999024,-7.966036596298218,26.013295230865477,294.45248046875,124.91434135437012,207.76669219970702,536.575654296875,195.92584426879884,373.69156555175783,1650.5728588867187,64.55349607944488,825.4341802978515,8029.393208007812,-4337.073527832032,3294.3416333007813
historical_retained,screen_giraffes_casual_silent_naked_run_eval_note_test,below_good,100,26.115382747650145,7.630611453056336,16.551023750305177,122.03513259887696,65.03264846801758,94.66569137573242,18.99475417852402,-68.9698471069336,-27.226125984191896,10.938141722679138,-152.9471890258789,-70.176814994812,-211.97561141967773,-682.515014038086,-491.664729309082,324.94144958496094,-1073.8069885253906,-357.7169532775879,6113.87568359375,-9037.761396484375,1492.8160498046875,49.79797004699707,31.765305824279785,39.59134479522705,62.601725311279296,30.61789134979248,41.64523464202881,69.59348430633545,27.66950548171997,45.05252750396728,284.31584533691404,153.25266311645507,214.02811065673828,320.99899627685545,95.71543701171875,191.62245071411132,1709.2027111816406,9.110813414594158,731.0975,8207.05630859375,1403.490391845703,4107.685791015625,0.6412217032909393,-10.02746994972229,-7.105959568023682,22.32513794898987,-7.856806879043579,-1.153654586263001,45.04846866607666,-5.992256803512573,9.492848563194276,121.59377754211425,15.276439409255982,51.180366592407225,96.79108818054199,-108.68993263244629,-45.96344495773315,505.6662933349609,-153.86315422058107,68.20323732048273,1839.9950952148438,211.25522735595703,1104.3361096191406,-20.11958557128906,-36.36550727844238,-27.87101053237915,-2.671415496468544,-40.490571937561036,-25.179989376068114,-16.56680951833725,-94.64332275390625,-59.17818099975586,69.18931640625,-60.790314178466794,-2.7583832459151747,-36.1313183927536,-293.91457794189455,-179.95318145751952,940.1486065673828,-369.7405912780762,212.60778725385666,6349.553125,-1670.73765625,2580.4431884765627,57.13887672424316,33.63318367004395,44.29675788879395,-2.8545325022935866,-33.684679222106936,-18.0814612197876,4.441877433359623,-53.20632526397705,-21.745893821716308,100.8366342163086,-14.888677487373352,44.88360612869263,-83.3064158630371,-526.4267987060547,-405.79099609375,1000.7238946533203,-113.02526195526123,319.78375366210935,4533.452973632812,-6767.746479492187,1546.4746362304688,45.71934825897217,21.71515588760376,31.59252733230591,110.48699760437012,50.930761642456055,78.14738784790039,78.62721263885499,-4.997557396888733,32.619372386932376,310.6880072021484,136.6164338684082,232.48711380004883,563.3681280517578,217.69549575805664,415.4570370483398,1844.0234167480469,183.0602081680298,1067.1461346435547,7507.5521484375,-3424.9422436523437,3681.5643017578127
historical_retained,screen_giraffes_casual_unicef_silent,above_good,100,24.987732944488524,7.328248481750489,15.730393333435059,120.38042930603028,62.766710357666014,92.06589073181152,19.736733269691467,-69.38641632080078,-28.939007034301756,16.54017616510391,-152.83485763549805,-70.7591745376587,-226.4621255493164,-678.9596636962891,-484.9748168945313,272.16965679168703,-1122.6628881835939,-433.12469970703125,5996.536450195313,-10677.057744140626,1011.4922688293457,50.537154083251956,31.777724475860595,39.35021327972412,64.09552799224853,30.96183801651001,42.15660861968994,70.8443885421753,29.148000526428223,45.813787841796874,293.3999230957031,156.00994644165038,219.23302032470704,326.1983700561523,105.43764328002929,199.44340774536133,1805.5328259277344,77.98393637657165,759.0025598144531,8551.954936523438,1699.0897180175782,4276.239094238281,0.5551544235646725,-9.931649436950684,-7.266003122329712,22.9027237033844,-7.637433319091797,-1.8905464525148272,46.95999183654785,-5.2518345069885255,8.876998419761657,123.49220794677734,14.539111547470092,50.006539268493654,96.71090240478516,-105.03037673950195,-45.24819095611572,487.1757891845703,-135.15184593200684,52.89265996873379,1936.3838500976562,313.6737567901611,1199.8655419921874,-22.441671981811524,-36.54326614379883,-28.38159809112549,-5.040339894294739,-41.16822334289551,-27.125396175384523,-12.920306339263917,-96.02592193603516,-63.1134582901001,60.02595020294189,-65.75216762542725,-15.325626230239868,-56.99389370918274,-302.002197265625,-196.56018600463867,693.6968646240234,-448.9039617919922,16.675623717010023,5475.796630859375,-2311.8874365234374,1833.34458984375,58.30004852294922,33.388211784362795,43.330163917541505,-3.436350349187851,-33.34301000595093,-18.798917598724366,7.481525167226791,-53.622233657836915,-23.8878489112854,99.09411563873292,-18.381949338912964,34.07395767211914,-86.77460777282715,-525.507472229004,-407.069504699707,643.4926840209961,-165.53749725341797,190.0526611328125,4291.703610839843,-8044.610947265625,1171.6588317871094,44.336526489257814,21.19867265701294,30.317751274108886,103.63052047729492,48.279764366149905,72.35468200683594,69.65935546875,-8.354758949279786,25.23085136413574,292.1786004638672,124.1850904083252,206.61794921875,535.4107995605468,195.07882568359375,372.2244110107422,1636.489698486328,54.38746101737022,809.7158483886719,7618.471616210937,-4402.857143554687,3217.846306152344
historical_retained,screen_giraffes_casual_unicef_silent_eval_note_test,above_good,100,26.462468395233156,7.5904588747024535,16.530859937667845,122.32722145080567,64.93689498901367,94.59430824279785,18.758005802631377,-68.79870918273926,-26.591797218322753,15.159306379556655,-153.22543731689453,-69.84285419464112,-212.9132763671875,-681.366669921875,-490.68905059814455,279.9657804107666,-1075.6406170654298,-362.0485420227051,6140.900825195313,-9141.470786132813,1534.8822131347656,50.53916938781738,31.782410831451415,39.731747970581054,63.56838855743408,30.665431747436525,41.860172805786135,71.1436406326294,27.887279090881346,45.51268539428711,291.0358250427246,154.24746490478515,216.09505325317383,322.6646484375,97.84707328796387,194.79825225830078,1701.9038696289062,20.04760255008936,752.777105102539,8182.5357421875,1423.8423419189453,4152.967180175781,0.4394459462165832,-10.042674551010132,-7.197926244735718,22.070092573165894,-7.906418862342835,-1.681247218772769,45.0702621459961,-6.1096776533126835,8.539059238433838,121.41813568115235,14.980539455413819,49.93970775604248,94.55892471313477,-108.91991744995117,-45.63238653182984,486.1578680419922,-153.48575790405275,52.4761472672224,1853.4847546386718,227.87298583984375,1113.220453491211,-20.49113181114197,-36.481085777282715,-27.935856189727783,-0.03516471683979035,-40.503995742797855,-24.7031081199646,-12.354587788283824,-94.98694496154785,-58.37328361511231,78.83188220977783,-61.10880298614502,-1.0778106227517128,-29.911635863780976,-293.9132763671875,-177.25924560546875,965.5641729736328,-376.1112664794922,203.09791316986085,6344.4182421875,-1730.1371643066407,2517.2273974609375,57.142925872802735,33.4638941192627,43.98603767395019,-3.0387998682260515,-33.90234004974365,-18.66540132522583,3.8605554991960527,-53.86620956420899,-22.64325813293457,95.17284713745117,-16.927864212989807,41.173675556182864,-79.82336219787598,-527.9320581054687,-408.5415771484375,955.3931042480468,-121.97948506116867,292.8434765625,4485.61669921875,-6904.395678710937,1484.0027270507812,45.953327598571775,21.741839752197265,31.745874214172364,110.65009757995605,50.85298877716065,77.58822059631348,80.49948867797852,-5.170248161107302,32.53140733718872,312.4933248901367,135.87095634460448,230.47017364501954,565.0582745361328,216.63514923095704,412.0849026489258,1823.4322814941406,170.81918079137802,1045.4935681152344,7664.9186181640625,-3512.7878686523436,3651.926240234375
historical_retained,screen_giraffes_paper_good_cause_bad_cause,above_good,100,25.90323673248291,6.927307033538819,15.315830659866332,120.92674621582032,60.724000778198246,89.81646240234375,21.82936807155609,-71.6234083557129,-30.781983814239503,20.17059932231903,-154.82905334472656,-74.1346939086914,-185.02939102172851,-683.4845141601562,-490.27756439208986,361.97910202026367,-1183.708748779297,-483.72077087402346,6060.929599609375,-10638.92208984375,890.5568206787109,50.358017654418944,31.742369956970215,39.05466110229492,64.2832246017456,30.952552013397217,41.783908424377444,76.70363368988038,29.048566246032713,45.110334129333495,292.4360739135742,153.88804824829103,216.86424377441406,326.96166076660154,102.2090550994873,195.92591720581055,1723.130830078125,30.917488346099855,708.9712176513672,8525.362333984374,1590.8008056640624,4101.042680664063,0.7302730709314347,-9.855409355163575,-7.211416430473328,23.277834753990174,-7.318566427230835,-1.4990650665946306,47.95423727035522,-4.31496237039566,9.77413881778717,126.08542236328125,15.207645568847656,50.18314624786377,104.70371599197388,-103.3236328125,-47.14638904571533,500.7382650756836,-132.85325721740722,54.328031138181686,2004.00306640625,341.64073806762696,1188.1364208984376,-22.043620529174806,-36.48343112945557,-28.35349723815918,-1.6101030953228475,-40.97221134185791,-26.952583599090577,-13.675620884895325,-94.70020950317382,-61.42657108306885,77.12766796112061,-64.90797164916992,-11.865014488473534,-25.095570096969606,-301.5161605834961,-193.44646606445312,923.2274523925781,-464.12910064697263,18.445232629179955,5764.100053710938,-2404.6675146484376,1646.129637451172,58.44196952819824,33.44272624969482,43.59830097198486,-1.285145798921585,-32.954206523895266,-18.120131530761718,10.526273146867752,-52.274894104003906,-21.826232261657715,109.67441719055176,-16.13756941795349,39.89501985549927,-47.34019866943359,-521.2799990844727,-403.59413665771484,730.4817633056641,-163.37727340698243,223.0365626525879,4075.7179125976563,-8230.63958984375,908.5220001220703,44.11853096008301,20.836593627929688,29.66108907699585,105.63303337097167,46.931999130249025,70.94186210632324,76.47920433044433,-9.530166745185852,24.09513494491577,304.83884094238283,121.07191123962403,203.2842462158203,551.3626663208008,186.59993469238282,364.4331442260742,1689.03400390625,-7.181404533684254,767.0748168945313,7530.071225585937,-4749.283408203125,2757.8200439453126
historical_retained,screen_giraffes_paper_good_cause_bad_cause,below_good,100,26.391987495422363,7.000310845375061,15.473437480926513,121.85732002258301,61.17200260162353,90.36542640686035,22.925500755310058,-71.30948402404785,-30.273760356903075,20.29031120300293,-154.1314846801758,-72.2167686843872,-189.26892776489257,-682.6843859863282,-488.87369262695313,354.15747146606446,-1170.2585803222655,-467.5548257446289,6057.856137695312,-10365.06501953125,996.5126928710938,50.05608890533447,31.750833911895754,39.12713516235352,63.01308696746826,30.909498043060303,41.79576873779297,70.34553386688232,28.75534439086914,44.83647731781006,288.786171875,153.21744171142578,216.49844863891602,322.25214721679686,100.8801448059082,195.18956451416017,1695.0993383789062,20.80474795103073,714.1993096923828,8454.708471679687,1543.677178955078,4095.7599462890626,0.9943422293663025,-9.872487192153931,-7.205401854515076,23.57053611755371,-7.347921004295349,-1.3508360241167248,48.56483589172363,-4.518387596607209,9.78490656375885,126.14857658386231,15.080753221511841,50.28409873962402,105.6534041595459,-104.02060752868653,-47.37064359664917,520.2625988769531,-135.61090538024902,54.57798435211182,1952.1334899902345,317.56237991333006,1171.0924108886718,-21.736303577423097,-36.48527851104736,-28.277365818023682,-0.44915435612201693,-40.84320854187012,-26.429568729400636,-10.426141760349275,-94.50911674499511,-60.1058589553833,84.86127410888672,-64.33283412933349,-8.9094946442917,-16.45712818622589,-300.41291595458983,-189.38666915893555,985.3532345581054,-455.6212255859375,47.98365462839603,6021.8963623046875,-2315.6633532714845,1766.139970703125,58.62321998596192,33.50989028930664,43.770137062072756,-1.1317202258110046,-32.965529975891116,-17.984129428863525,11.329310528039933,-52.128740310668945,-21.255608196258546,110.0779949951172,-15.43407901763916,41.70148092269898,-46.70588119506836,-520.759541015625,-401.79008117675784,789.8529467773437,-155.58363151550293,236.6578663635254,4250.856481933593,-8004.829174804688,985.9498699951172,44.683687438964846,20.906198844909667,29.831950302124024,108.20889938354492,47.277950592041016,71.66893173217774,78.86383331298828,-9.282667770385743,24.85541166305542,310.05095916748047,121.89186660766602,206.12196792602538,555.4334838867187,188.7648017883301,367.25300262451174,1768.315147705078,4.467234359681607,798.8507025146484,7574.862758789062,-4581.508610839844,2838.2334643554686
historical_retained,screen_giraffes_paper_good_cause_bad_cause_eval_note_test,above_good,100,28.41252477645874,7.102801003456116,16.255140905380248,124.26279373168946,62.20400203704834,92.42055282592773,26.61464659690857,-71.05269821166992,-28.369160594940187,22.388345210552217,-154.8318492126465,-69.42399394989013,-184.79358642578126,-688.1655590820312,-494.47940551757813,370.2479252624512,-1150.5626916503907,-401.74681091308594,6163.989501953125,-9822.394780273438,1316.6338787841796,50.46995006561279,31.76935859680176,39.42251289367676,64.59031471252442,30.835241737365724,41.76047756195069,74.60677139282227,27.986135292053223,44.86965465545654,305.7673620605469,150.45857620239258,213.72561462402345,341.06122619628906,94.72091751098633,192.72229522705078,1727.4493566894532,-43.013065325319765,691.9537115478515,8191.208227539062,1376.2242755126954,4171.918466796875,1.5354569375514984,-9.817359352111817,-6.980371799468994,23.976195011138916,-7.1483598852157595,-0.5575252029020339,48.19772480010986,-4.270602283477783,10.38869788646698,125.08576881408692,17.009406290054322,52.408279457092284,108.10886489868165,-103.34007102966308,-44.2201169013977,547.0852804565429,-131.44236946105957,89.94009641051292,1914.3022888183593,269.2856406402588,1133.3030505371094,-20.919162998199464,-36.28105804443359,-27.82712068557739,9.812111152410507,-39.7758203125,-23.86878858566284,-2.990950139760971,-92.65571662902832,-54.10069831848145,104.7020348739624,-60.42162281036377,8.905600279308855,-3.051815173625946,-295.96023712158205,-165.12777908325197,1179.1056958007812,-403.2161909484863,245.70693578720093,7328.662329101562,-1881.0840098953247,2629.0004052734375,57.850460624694826,33.56111225128174,44.617062149047854,-1.234587180018425,-33.04280052185059,-17.18947527885437,10.217154792547227,-51.965859184265135,-19.518864269256593,106.3234342956543,-14.328655419349671,49.0112663269043,-54.59993446350098,-523.2684552001953,-401.23783416748046,989.724642944336,-121.30645725250244,340.6992185974121,4628.228571777344,-7461.263530273438,1360.2261193847655,45.93030616760254,21.192007598876952,30.757498054504396,110.96710327148438,48.66058528900147,75.04090812683106,88.87414505004882,-7.537814316749572,30.285820598602296,315.8656918334961,127.25004013061523,222.0638150024414,560.8580688476562,196.75193756103516,389.1821258544922,1908.03484375,60.38652059674263,962.3759680175781,7403.549584960938,-4164.236978759765,3246.47396484375
historical_retained,screen_giraffes_paper_good_cause_bad_cause_eval_note_test,below_good,100,28.06464195251465,7.1757837724685665,16.412622213363647,123.45616806030273,62.515428886413574,92.59169952392578,25.38164891242981,-70.77897018432617,-28.066904888153076,22.186849071979523,-154.19706634521484,-68.73686622619628,-182.75126861572267,-687.0227850341797,-495.0588677978516,382.2733462524414,-1140.6026635742187,-391.14392242431643,6170.249780273438,-9727.234721679688,1364.2769683837892,50.12087879180908,31.768290309906007,39.480078582763674,64.14414535522461,30.8306022644043,41.866983566284176,73.04688663482666,27.82626543045044,44.55487426757813,306.09430755615233,150.27464782714844,213.72849243164063,345.02781555175784,93.56395324707032,192.2142492675781,1749.468984375,-51.42609539270401,701.1615765380859,8308.942631835938,1353.1321209716798,4184.938291015625,1.5110978418588639,-9.825797481536865,-6.969926910400391,23.992263469696045,-7.168757581710816,-0.48794193238019945,47.76209934234619,-4.374446039199829,10.464402070045471,125.06152061462403,17.02496064186096,52.491532249450685,106.8261937713623,-103.84722541809082,-44.33719932556152,542.3904577636719,-133.21732116699218,92.64491532564163,1892.2664807128906,253.05288894653322,1120.701862182617,-20.893337306976317,-36.23049995422363,-27.75479085922241,9.658543031811714,-39.60396438598633,-23.4844136428833,-3.7168165254592895,-92.25333808898925,-53.35684024810791,105.17592750549316,-59.361880226135256,12.38525269985199,-0.7805742454528809,-293.64600677490233,-159.6019140625,1217.931873779297,-388.87187042236326,290.3931346130371,7555.7859716796875,-1798.169102783203,2769.2501806640626,57.32466190338135,33.613211135864255,44.74754043579102,-1.6749163818359376,-32.99850353240967,-17.14650547027588,7.832010595649481,-51.70162525177002,-19.10677577018738,105.71387733459473,-13.395027198791503,50.6688342666626,-52.15395538330078,-522.3098095703125,-400.7143890380859,985.4307360839844,-113.86225616455079,358.61008819580076,4691.9923803710935,-7354.673549804687,1460.5398156738281,45.719316749572755,21.23856885910034,30.888696060180663,112.6221908569336,48.93090175628662,75.40495079040528,88.31910163879394,-7.19690648317337,30.96465139389038,320.61362884521486,128.55672554016112,224.17221817016602,561.2208956909179,199.39729629516603,392.4098474121094,1904.5140563964844,73.99072256088257,985.101376953125,7407.601489257812,-4084.8406372070312,3323.4621704101564
historical_retained,screen_giraffes_paper_good_cause_silent,above_good,100,25.93326089859009,6.988206763267517,15.298208074569702,120.89120025634766,61.12369857788086,89.93864517211914,21.826540102958678,-71.18922149658204,-30.345403804779053,20.561563954353332,-154.06918716430664,-72.75414878845214,-185.04532096862792,-681.7837030029297,-488.8980383300781,347.83273300170896,-1172.5216101074218,-474.55646453857423,6121.669150390625,-10615.19349609375,919.5010394287109,50.38746726989746,31.742971382141114,39.086841888427735,63.314189453125,30.839089431762694,41.48934669494629,74.14399852752686,28.941618118286133,44.93095851898193,289.5585153198242,153.48810089111328,215.92459014892577,319.39404937744143,102.1345677947998,194.6698941040039,1683.2585754394531,35.86994673371315,701.5960131835938,8207.04166015625,1605.4133239746093,4145.165246582032,0.8096834075450897,-9.881177091598511,-7.235201902389527,23.461858682632446,-7.370919222831726,-1.5358642598986625,48.435708618164064,-4.549795069694519,9.684823365211487,127.42956893920899,14.8851886844635,49.75062145233154,106.49506195068359,-103.90017547607422,-47.17996997833252,512.6607647705079,-133.80462036132812,50.17699355363846,1948.9278967285156,336.6346353149414,1190.3866186523437,-22.42024278640747,-36.53757469177246,-28.430435829162597,-4.009496557712555,-41.12999668121338,-27.313385047912597,-15.135068435668945,-95.29742401123048,-62.560593338012694,70.1413363647461,-65.81097389221192,-14.34947465032339,-28.485485956668853,-302.8909051513672,-197.63182678222657,821.9920852661132,-471.2284716796875,-9.271313004791736,5619.606879882813,-2412.7841479492185,1607.3964636230469,58.52451667785645,33.49148391723633,43.57517017364502,-0.9270456844568252,-32.988313636779786,-18.21723253250122,10.628945503234863,-52.603811759948734,-22.42945713043213,110.5948966217041,-16.704161291122436,38.32588710784912,-52.957437896728514,-521.7480145263672,-404.58379821777345,740.7269396972656,-164.31214126586914,209.13884735107422,4177.416677246094,-8182.564389648437,955.0582604980468,44.19016201019287,20.857291927337645,29.64765884399414,107.03291961669922,47.02670532226563,70.7736417388916,76.63851825714111,-9.6235999917984,23.434127368927,304.9987603759766,120.65738983154297,201.89970932006835,549.9756771850585,187.5190528869629,363.1295950317383,1653.3117614746093,-5.747033246159553,748.866177368164,7131.960522460938,-4710.769475097656,2799.8986499023435
historical_retained,screen_giraffes_paper_good_cause_silent,below_good,100,25.91008304595947,6.999267048835755,15.386639432907105,121.1881113433838,61.00282985687256,89.92293518066407,22.799126381874085,-71.29818450927735,-30.365945434570314,19.707747442722322,-154.47522796630858,-73.09806461334229,-185.5975015258789,-683.5286285400391,-490.1708419799805,350.4057797241211,-1176.0058422851562,-474.1987030029297,6014.633295898438,-10599.24642578125,910.3701373291016,50.432990379333496,31.744937076568604,39.09397289276123,63.010042114257814,30.852860069274904,41.548899536132815,72.35433269500733,28.844468326568602,44.78474544525147,291.7220159912109,153.39826568603516,216.13341522216797,319.2418786621094,101.12972213745117,194.1048260498047,1641.4845043945313,25.81471090942621,694.0752917480469,8223.849584960937,1570.4758032226562,4096.591782226563,0.7313185495138168,-9.864729404449463,-7.199156394004822,23.376423511505127,-7.307652678489685,-1.4337406583130359,48.16952453613281,-4.413083086013794,9.746715788841248,126.26165367126465,15.099242277145386,49.803672561645506,103.56509784698487,-103.79171073913574,-47.453427200317385,507.07866119384767,-133.60210304260255,57.780334443747996,1980.8039489746093,332.5759594726562,1185.4551953125,-21.863398933410643,-36.47427845001221,-28.308559589385986,-1.9720950901508332,-40.92764057159424,-26.949967002868654,-11.81466937303543,-94.71086013793945,-61.28775165557861,77.29515312194825,-65.06565685272217,-12.089102745056152,-23.15091613769531,-301.8667419433594,-194.10331146240233,968.9595294189453,-465.2638507080078,18.062312745451926,5788.46673828125,-2386.0213012695312,1663.014596557617,58.87281169891357,33.52354625701904,43.67997806549072,-1.6867442893981934,-32.870438995361326,-18.00887784957886,10.823457942008972,-52.148703231811524,-21.549818000793458,109.50925468444824,-15.65189956665039,41.35220148086548,-50.77593173980713,-521.477879333496,-403.46913452148436,783.9007940673828,-161.7005764770508,221.53572265625,4309.496572265625,-8160.282236328125,952.4443026733398,45.01667068481445,20.89595230102539,29.738852977752686,107.62895919799804,47.04330982208252,71.09750717163087,79.69251651763916,-9.452648406028748,24.397563571929933,308.950166015625,121.31756462097168,204.71163452148437,552.1664462280273,188.08096710205078,366.9645364379883,1729.5980810546876,-0.18514155268669127,782.3504467773438,8009.746411132813,-4686.058752441406,2830.35119140625
historical_retained,screen_giraffes_paper_good_cause_silent_eval_note_test,above_good,100,27.253983631134034,6.886389188766479,15.805454206466674,123.60814186096191,61.64107162475586,91.63532279968261,23.671288484334944,-71.72790969848633,-29.537485637664794,16.042826225757597,-155.56190368652344,-71.9411474609375,-181.24777893066405,-690.7881689453125,-495.1079376220703,358.5518595886231,-1167.291123046875,-419.6672430419922,6054.518017578125,-10115.454189453125,1143.880782470703,50.342039909362796,31.7348175239563,39.2234111404419,63.23529037475586,30.792747020721436,41.48881565093994,75.34551921844482,28.161980686187743,44.69948043823242,299.21039794921876,150.85852310180664,213.5470149230957,331.70557281494143,95.94419738769531,192.31000427246093,1715.42390625,-25.15685784935951,686.8764013671876,8347.028598632813,1455.4840466308594,4192.5104077148435,1.4377146017551423,-9.792668600082397,-6.971967029571533,23.846729278564453,-7.049834609031677,-0.36443496237276124,48.26939205169678,-4.059312467575073,10.855230474472046,125.01026290893554,17.358276529312135,54.24528594970703,105.96383766174317,-102.2026203918457,-41.321738166809084,544.5488418579101,-125.4413037109375,109.32094667673111,1962.3563745117187,307.3823190307617,1159.5617028808595,-21.409715700149537,-36.395337677001955,-28.0347904586792,2.8125364807248117,-40.236348457336426,-25.170072708129883,-10.75597011566162,-93.63335731506348,-58.00756023406982,90.45008735656738,-62.609615058898925,-2.581211854815483,-6.799521946907044,-300.3713714599609,-182.65904830932618,1123.5272650146485,-430.4344631958008,139.30512915611268,6988.970083007813,-2052.33927734375,2194.381904296875,57.090955543518064,33.46955379486084,44.274226417541506,-1.5811293053627014,-33.17525009155273,-17.439504137039183,8.088883355259895,-52.334071769714356,-20.339102878570557,103.07019638061523,-15.416893768310548,45.89682197570801,-55.67804767608643,-525.2589270019531,-403.43302276611325,1006.1400494384766,-137.1589968109131,290.8462037658691,4503.841831054688,-7709.649340820312,1170.496015625,45.815906295776365,20.99834468841553,30.299990310668946,111.78272941589356,48.059032402038575,73.90509086608887,83.94544979095458,-8.476625030040742,27.770880508422852,319.9618844604492,125.11280525207519,217.1223863220215,561.2869012451172,193.45247833251952,383.43081756591795,1833.4437158203125,40.75542820394039,914.8870977783204,7370.77439453125,-4354.033234863281,3060.4809106445314
historical_retained,screen_giraffes_paper_good_cause_silent_eval_note_test,below_good,100,28.13025022506714,6.989679231643676,15.893080081939697,124.14904472351074,61.81305431365967,91.49625495910645,24.600219326019285,-71.49214622497558,-29.6895041847229,20.846111853718757,-155.37147857666017,-71.58429183959962,-184.71018432617188,-690.3123388671875,-497.20701599121094,380.9986364746094,-1161.6687829589844,-416.0568731689453,6214.476616210937,-10027.99474609375,1208.6754794311523,50.52171127319336,31.747223987579346,39.30854026794434,64.69534187316894,30.85213014602661,41.65681324005127,74.55647167205811,28.0996736907959,44.649388465881344,306.02044555664065,150.8819692993164,213.88010528564453,341.82930633544925,95.33519592285157,191.94453018188477,1758.4639575195313,-34.38341134995222,687.4928942871094,8415.137255859376,1435.3887683105468,4223.660222167969,1.5001306933164598,-9.777799510955811,-6.945482378005981,23.830501556396484,-7.051787028312683,-0.32423912853933873,48.69494567871094,-4.071465425491333,10.849572448730468,126.19047988891602,17.295442667007446,54.129194526672364,108.93895790100098,-102.56037086486816,-41.68629152297974,548.8631289672852,-126.85994979858398,104.04099476575851,1925.633057861328,288.3347550964356,1149.1023571777343,-21.211343879699708,-36.26878879547119,-27.88726230621338,8.116322914361954,-39.92246253967285,-24.581111488342284,-3.6919310784339903,-92.92588569641113,-55.706225090026855,100.81507865905762,-61.42892208099365,3.328340329825878,-7.8627598297595975,-298.26291625976563,-174.17587310791015,1170.3232452392579,-417.5631512451172,201.09893467903137,7550.819599609375,-1964.000242919922,2434.5824426269533,57.64459613800049,33.54899585723877,44.480718536376955,-1.8930078142881392,-32.94680776596069,-17.124997081756593,11.483734612464906,-51.83703666687012,-19.169583740234376,105.70476173400878,-14.056949958801269,49.82908737182617,-56.246856117248534,-523.4870916748047,-401.21781982421874,999.3613452148437,-128.31977378845215,321.2189752197266,4686.164963378907,-7591.748247070313,1288.6348950195313,45.945207328796386,21.09332706451416,30.441742992401124,111.39468124389649,48.32412448883056,74.35147323608399,87.9004441833496,-7.906255967617035,29.208817386627196,320.49524841308596,126.47814239501953,220.4840980529785,565.9180184936523,195.18302536010742,387.25702026367185,1910.1125854492188,52.21965678691864,953.7706353759766,7940.461000976563,-4258.6268359375,3200.287111816406
historical_retained,screen_giraffes_paper_silent_naked_run,above_good,100,26.550430526733397,7.130130167007446,15.54025242805481,121.51662216186523,61.52274627685547,90.22862419128418,25.45102126121521,-70.72918510437012,-30.133853244781495,20.889526580572127,-153.3272198486328,-72.62384063720702,-196.9141098022461,-681.4238073730469,-488.4905163574219,327.26424850463866,-1167.60197265625,-473.54814208984374,5880.855229492187,-10480.482001953125,978.1176953125,50.72970066070557,31.76369192123413,39.12017463684082,65.8138306427002,30.96963228225708,42.02265712738037,80.30517280578613,28.989983234405518,45.844635848999026,304.7331283569336,153.85841018676757,218.87497619628905,346.20992767333985,102.15190208435058,199.7284834289551,1734.4655041503906,28.27785304069519,727.4456768798829,8486.247172851563,1610.0872033691405,4178.427663574219,0.495102818608284,-9.897450647354127,-7.213291397094727,22.635214729309084,-7.431990866661072,-1.4606805665791034,47.5802840423584,-4.394657104015351,10.185332069396972,124.25667030334472,15.379245557785033,50.39716991424561,102.97784004211425,-103.69705833435059,-46.354510669708255,510.5938671875,-134.68086906433106,64.93713796675205,2010.4207238769532,317.7819096374512,1187.250166015625,-21.446681690216064,-36.411480827331545,-28.25560920715332,-1.3575707125663756,-40.76583763122559,-26.764461059570312,-11.647261500358582,-94.21250381469727,-60.29713359832763,71.76180053710938,-63.77976165771484,-10.028077183663845,-36.9387481212616,-299.4329190063477,-191.49386978149414,1022.4825286865234,-449.7163632202148,52.47714021086693,6111.122333984375,-2269.323171386719,1857.9983630371094,58.608985328674315,33.5299515914917,43.67365573883057,-1.7308659374713897,-32.80527690887451,-17.88917862892151,12.43958061695099,-52.15354503631592,-21.155839557647706,110.72008338928222,-15.255406427383424,43.3527197265625,-56.18421688079834,-520.9262893676757,-402.0116436767578,826.9545269775391,-148.0591089630127,252.10210693359375,4572.7593359375,-7990.318696289062,1077.726085205078,46.151375694274904,21.041748695373535,29.919804134368896,108.27295974731446,47.71894382476807,71.92907775878906,80.35202415466308,-8.271120986938477,25.914518756866457,306.16697692871094,123.60114883422851,208.74405380249024,550.7906069946289,192.7354556274414,374.46313110351565,1751.9331787109375,25.852096315175295,837.3993585205078,9854.353295898438,-4483.841721191407,3072.209245605469
historical_retained,screen_giraffes_paper_silent_naked_run,below_good,100,25.746427135467528,7.02485182762146,15.480428943634033,120.35023788452149,61.25482498168945,90.252797164917,20.87623990058899,-71.23143440246582,-30.411503314971924,18.734889748096467,-154.03262985229492,-72.9028184890747,-190.8359210205078,-681.5166101074219,-487.9417022705078,322.71808670043947,-1164.7863452148438,-465.5625653076172,5967.852524414063,-10684.740693359376,936.2506240844726,50.094285278320314,31.7026865196228,39.10309398651123,62.04430793762207,30.86216583251953,41.72480792999268,73.20763854980468,28.75882215499878,44.89980884552002,290.3789678955078,152.7543145751953,215.96757522583007,322.8583557128906,100.83831886291505,194.9327049255371,1691.3627709960938,25.55120284229517,710.0432794189453,8330.088676757812,1607.2223620605469,4167.133923339844,0.6401109254360199,-9.89976424217224,-7.237611775398254,23.426023292541505,-7.4387054443359375,-1.5658213183283807,47.678108253479,-4.688296689987182,9.51588833808899,126.29649490356445,14.592833776473999,48.80044647216797,104.64932670593262,-104.44785026550294,-48.86783241271973,502.22705505371096,-139.2146817779541,48.32296132326126,1934.6328576660155,303.5698956298828,1170.777861328125,-21.34268575668335,-36.45889400482178,-28.264370250701905,-1.1500243884325028,-40.91361431121826,-26.70807304382324,-8.534693348407746,-94.79404411315917,-60.629331245422364,77.96087104797363,-64.68556720733642,-10.226052446365356,-27.5520867061615,-300.07133880615237,-189.3769807434082,1014.2039654541015,-452.35191314697266,53.130460455417634,5892.796069335937,-2320.430549316406,1830.6640270996095,58.400161285400394,33.442298851013184,43.58130989074707,-1.964470207095146,-32.972634410858156,-18.07568727493286,11.004395067691803,-52.39786899566651,-21.397534313201906,110.53956764221192,-15.930587196350098,41.83177377700806,-53.33162857055664,-520.9302020263672,-401.74541107177737,804.8624816894531,-154.49690780639648,243.43034301757814,4220.115458984375,-8148.002182617188,1029.6861981201173,44.54098110198974,20.888833389282226,29.78267053604126,107.05270645141601,47.26628200531006,71.61951133728027,78.3028702545166,-9.17366105556488,25.203019275665284,306.4039764404297,121.72197433471679,206.69652282714844,547.7033966064453,189.0875880432129,369.44505981445315,1736.1610729980468,9.683117502331733,810.6423443603516,8595.720654296874,-4644.864970703125,2950.1844189453127
historical_retained,screen_giraffes_paper_silent_naked_run_eval_note_test,above_good,100,27.47673770904541,7.101723222732544,16.17962688446045,122.42442039489747,62.2437366104126,92.33266166687012,24.596575236320497,-70.80109741210937,-28.785406913757324,19.348189613819123,-154.55031539916993,-70.46901634216309,-162.5688148021698,-685.3320642089843,-494.50502807617187,366.72546188354494,-1147.3406604003906,-412.71212127685544,6004.871372070313,-10064.239541015624,1303.1609436035155,50.932749061584474,31.705808372497557,39.335172462463376,64.39928371429443,30.888834686279296,42.0327677154541,79.79139938354493,28.20941972732544,45.21601921081543,313.3764886474609,151.5472090148926,215.4663220214844,353.77745697021487,96.48133697509766,194.544775390625,1766.494298095703,-24.96720159649849,706.3832147216797,8481.7644140625,1482.4528076171875,4272.892255859375,0.6916567182540894,-9.856125965118409,-7.043804368972778,21.98169113636017,-7.368100595474243,-0.8427075745910406,45.07162567138672,-4.737019581794739,9.883289048671722,119.43644554138183,16.13237271785736,50.789499034881594,97.03667930603028,-104.45727523803711,-45.97172782897949,518.9116108703613,-136.24748397827148,86.94081642985344,1900.3541931152345,253.73019088745116,1132.9859259033203,-20.618365278244017,-36.16436595916748,-27.74824939727783,6.415554685592651,-39.755210647583006,-24.245197505950927,-6.7390228319168095,-92.80309967041016,-55.4876594543457,90.8616060256958,-60.093284339904784,5.692152574062347,-15.51616756439209,-292.82945877075196,-166.53804153442383,1198.981752319336,-385.00903732299804,262.9537119293213,7705.934111328125,-1810.5978253173828,2800.7369787597654,57.82187683105469,33.440109977722166,44.33900489807129,-1.805621247291565,-32.94593116760254,-17.297394514083862,13.474965327084064,-52.011568222045895,-19.473278722763062,111.48439888000489,-13.758323936462402,51.57168437957764,-47.83141807556152,-520.5400057983398,-397.0731982421875,1045.0857360839843,-105.99610605716705,376.50239852905275,4858.789265136718,-7475.76498046875,1577.5921990966797,45.78997669219971,21.210149364471434,30.693864765167238,112.36985824584961,48.96383922576904,75.40467666625976,84.75483924865722,-6.811594396233558,30.6083526802063,316.72800384521486,127.99039413452148,222.36216690063478,556.8304766845703,198.4338999938965,389.63241302490235,1895.23548828125,80.66133925914764,984.8391088867188,8284.988203125,-4173.981975097657,3433.90990234375
historical_retained,screen_giraffes_paper_silent_naked_run_eval_note_test,below_good,100,28.064135093688964,7.099822430610657,16.136421232223512,123.66610786437988,62.11326293945312,92.34415222167969,24.15671604156494,-70.82236164093018,-28.70308713912964,22.670060564279556,-154.1399833679199,-70.22477798461914,-160.23094465255738,-683.8278155517578,-493.9690158081055,393.8453813171387,-1148.6643341064453,-412.28417419433595,6014.853198242187,-10257.961982421875,1244.1374670410157,50.71384143829346,31.697104473114013,39.30093055725098,64.65202045440674,30.852888698577882,41.81289306640625,75.20091640472413,28.124093742370604,44.632588653564454,304.36992401123047,151.40739059448242,214.23262939453124,347.2867611694336,96.63645782470704,193.0042918395996,1745.9889038085937,-22.698698527812958,696.2097564697266,8144.054814453125,1489.2773278808593,4223.991108398437,0.8093355545401573,-9.85392762184143,-7.041469216346741,21.9401558303833,-7.371398525238037,-0.9030719027016312,45.348387260437015,-4.806162309646607,9.619513356685639,119.0343563079834,15.613189549446107,50.120713806152345,97.18827365875244,-104.90682235717773,-47.11364748001099,515.7234535217285,-136.34851623535155,79.72688115239143,1899.6834460449218,255.6444303894043,1127.3002783203126,-20.99292516708374,-36.17481781005859,-27.79966823577881,5.848019764423371,-39.848221130371094,-24.352716999053953,-7.790007882118225,-93.04780174255372,-56.013838844299315,91.33360656738282,-60.504465103149414,5.12329858392477,-10.842205204963683,-292.983486328125,-165.95096229553224,1184.1411584472655,-390.61008041381837,253.25375057220458,7620.3243408203125,-1870.76310546875,2706.0752270507815,58.016740226745604,33.49208068847656,44.2787716293335,-1.112436817139387,-32.91291877746582,-17.41040159225464,13.06184458553791,-51.907598876953124,-19.654497499465943,111.61570106506348,-13.56150378227234,50.17663738250732,-44.64765495300293,-519.2947537231445,-398.29099548339843,1034.7141241455079,-111.33160184025765,363.3284587097168,4906.224536132812,-7614.570498046875,1527.0037933349608,46.234430084228514,21.112697429656983,30.588324069976807,113.78888366699219,48.629999771118165,75.13767837524414,84.4056010055542,-7.387579335570336,29.762872009277345,318.52939971923826,127.13546325683593,221.38799362182618,556.3669934082031,196.49190093994142,387.5808154296875,1862.3735888671874,68.27111535146832,964.6501336669921,7842.9031982421875,-4314.919624023438,3340.810537109375
historical_retained,screen_giraffes_paper_unicef_silent,above_good,100,25.557400398254394,6.9798929357528685,15.332715559005738,120.746293258667,61.087009239196775,90.07025177001952,22.101081485748292,-70.84263122558593,-30.055431995391846,19.551224195957182,-154.1190057373047,-72.49798976898194,-181.00856033325195,-681.6632666015626,-485.52312835693357,324.7153776550293,-1177.3178674316407,-472.7217236328125,6150.156362304688,-10769.414951171875,905.2413256835938,50.541034660339356,31.732552261352538,39.093475341796875,62.252126922607424,30.775266666412353,41.46249011993408,71.68014797210694,28.84935516357422,44.82423625946045,284.6359912109375,152.83093673706054,215.31474380493165,317.4595135498047,101.26003143310547,194.05496566772462,1671.9399645996093,33.61624161720276,700.470238647461,8288.65775390625,1601.9008813476562,4136.407548828125,0.750236651301384,-9.873716192245483,-7.22882303237915,23.13569317340851,-7.320046272277832,-1.4708936066925526,47.67656560897827,-4.456556553840637,9.755992040634155,125.90344535827637,15.209010009765626,50.12370574951172,103.88194423675537,-102.83420204162597,-45.74979991912842,505.1210241699219,-131.39477790832518,55.916539834737776,1950.414853515625,344.6912944030762,1196.4837634277344,-22.26148979187012,-36.55925495147705,-28.38156852722168,-4.373316049575806,-41.07907238006592,-27.154433135986327,-15.45378568649292,-95.01559608459473,-62.02631294250488,63.32026491165161,-65.82237087249756,-13.974832684993745,-33.944172315597534,-303.1356448364258,-195.98325393676757,806.0032403564453,-473.4549520874023,-10.304201057106257,5544.067368164063,-2463.7170678710936,1573.4276184082032,58.75332859039307,33.455836067199705,43.61604385375976,-1.4902277565002442,-32.96844646453857,-18.13003553390503,9.842074924707413,-52.563316917419435,-22.315910243988036,108.75931816101074,-17.191182861328127,38.006413803100585,-49.557693061828616,-522.2961721801757,-403.23706970214846,722.6679788208007,-168.61014030456542,203.2677616882324,4155.987661132813,-8325.644619140625,882.1480035400391,43.918522148132325,20.868130722045898,29.68525691986084,105.07745994567871,46.9195499420166,70.85083534240722,73.4280895614624,-9.717471766471864,23.6297859954834,299.49802032470706,119.74003326416016,202.30108489990235,549.1446179199219,185.4090966796875,363.24709564208985,1650.1072802734375,-12.722464292785153,746.8389343261719,7085.088671875,-4809.9575708007815,2739.4062573242186
historical_retained,screen_giraffes_paper_unicef_silent,below_good,100,25.996138134002685,6.881978821754456,15.315919494628906,121.31801040649414,60.855472297668456,89.78150520324706,22.850750641822813,-71.62954002380371,-30.616893539428713,18.919363692998886,-155.08069564819337,-73.32197341918945,-182.86000106811522,-685.4485870361328,-490.9402136230469,326.19365798950196,-1182.7598254394532,-475.5227047729492,5950.2191162109375,-10598.2561328125,902.6712469482422,50.1434211730957,31.752301349639893,39.1293611907959,62.71404293060303,30.834283065795898,41.5691943359375,72.5247850036621,28.762210521697998,44.77874210357666,292.3927688598633,153.03681854248046,215.79285400390626,321.51727966308596,100.4623755645752,194.2489663696289,1670.14703125,21.563750021606683,703.3913739013672,8306.937177734375,1559.6259521484376,4098.248173828125,0.9641233885288238,-9.847888221740723,-7.1485107898712155,23.466271057128907,-7.23647912979126,-1.179468440930359,48.45913528442383,-4.268332989215851,10.136415076255798,126.42236686706543,15.605483140945434,51.415485610961916,105.29048690795898,-103.03732124328613,-45.483138179779054,520.9091436767578,-131.56873374938965,66.93893667936325,1964.8253271484375,336.7783978271484,1186.8364953613282,-21.769345207214357,-36.52798656463623,-28.30155200958252,-1.5332619377970695,-40.93765975952149,-26.775851497650148,-10.004317277669907,-94.63236351013184,-60.61294384002686,77.91339942932129,-65.06972423553466,-11.135211273431779,-25.29476276397705,-302.3026446533203,-192.40948913574218,958.6349676513672,-464.8387976074219,25.156975032687185,5621.579653320313,-2382.351228027344,1642.4457702636719,58.588841133117675,33.49405303955078,43.70991111755371,-1.9084311175346373,-32.90925609588623,-17.845631294250488,10.282041115760803,-52.157387771606444,-21.135538311004638,109.34238304138184,-15.826192665100098,42.11328968048096,-49.149347114562985,-522.206870727539,-403.09885040283206,770.02533203125,-164.00294021606445,218.06981857299806,4044.328173828125,-8174.799594726563,904.8801815795898,44.28867908477783,20.854002170562744,29.723336334228517,106.3572908782959,46.996285629272464,71.22488327026367,78.364850730896,-9.531774640083313,24.712306327819825,307.5956344604492,121.06140396118164,205.25916412353516,549.755173034668,187.2232487487793,367.3924084472656,1716.5914306640625,-2.112920009493828,789.465054321289,7973.022397460937,-4681.798664550781,2817.929968261719
historical_retained,screen_giraffes_paper_unicef_silent_eval_note_test,above_good,100,27.647633953094484,6.922854590415954,15.771792440414428,123.01250991821288,61.57529155731201,91.48433601379395,23.243181767463685,-71.75192726135253,-29.78197353363037,17.332540757656098,-155.9019387817383,-72.50013675689698,-180.91320571899413,-690.7286108398438,-495.4297549438477,413.4625186157227,-1172.0483569335938,-425.40461700439454,6101.386752929688,-10194.08951171875,1135.602346496582,50.215529670715334,31.751106700897218,39.228231773376464,64.10205326080322,30.772512607574463,41.38252071380615,74.2472021484375,28.201621799468995,44.65262084960938,297.4987644958496,150.8873612976074,213.21101852416993,330.48774658203126,95.66064987182617,191.1970442199707,1672.2644580078124,-26.40549459576607,676.3478967285156,8340.126909179688,1445.7007739257813,4163.21814453125,1.425331026315689,-9.783636083602905,-6.961882629394531,23.72860231399536,-7.009557266235351,-0.2369605560414493,48.57683280944824,-3.9740682244300842,10.982234530448913,126.46572540283204,17.439778451919555,54.233745346069334,107.68327186584473,-101.8554298400879,-40.902418327331546,543.2244345092773,-124.43696479797363,111.28450408220291,1983.8278259277345,312.98502700805665,1164.0836218261718,-21.425236949920656,-36.360171470642086,-27.994801025390625,2.703472580909729,-40.17672481536865,-25.087613887786866,-10.475726041793823,-93.61847915649415,-57.92049629211426,88.35172737121582,-62.8487931060791,-2.9288600255548953,-8.464225590229034,-300.75043823242186,-183.2786506652832,1090.4100036621094,-433.6462213134766,130.55812480926514,6765.1517724609375,-2082.3046606445314,2150.507935791016,57.22477935791016,33.545718574523924,44.298785820007325,-1.1806294018030166,-33.0457222366333,-17.325156497955323,8.130962917879224,-52.24400550842285,-20.328238086700438,105.83661247253418,-15.215090045928955,45.968181114196774,-54.13401321411133,-524.899672241211,-403.48996307373045,1007.9333923339843,-140.56478790283202,283.0903044128418,4486.691088867187,-7773.8716015625,1139.9043981933594,45.967660636901854,21.019481410980223,30.35406047821045,111.32290428161622,47.95661109924316,73.64879180908203,83.61402908325195,-8.550595276355743,27.68618169784546,321.26508850097656,124.72405212402344,216.31552642822265,565.9066824340821,192.35247451782226,382.7973690795898,1837.486806640625,34.883623905181885,905.596763305664,7322.7778515625,-4396.476875,3067.747998046875
historical_retained,screen_giraffes_paper_unicef_silent_eval_note_test,below_good,100,27.935079193115236,6.918759860992432,15.908276243209839,123.76517295837402,61.70653244018555,91.625580368042,25.78922318458557,-71.54014617919921,-29.464530639648437,20.988385410308837,-155.39602172851562,-71.13230243682861,-183.7959196472168,-690.4078723144531,-496.3397802734375,389.20901138305663,-1162.985174560547,-414.19118560791014,6200.3521337890625,-10005.540458984375,1233.8614172363282,50.53282295227051,31.75814136505127,39.32337604522705,64.41476222991943,30.80422998428345,41.59229351043701,73.90453979492187,28.005078048706054,44.32737545013428,306.21228576660155,150.6258982849121,213.38477630615233,341.92627899169923,95.09664543151855,191.33697845458985,1728.3055590820313,-33.25363150663674,685.7164154052734,8283.694873046876,1423.3859204101564,4188.83716796875,1.2975352483987808,-9.801546545028687,-6.974778017997742,23.70895257949829,-7.084099059104919,-0.3678242456167936,48.12049968719482,-4.128065369129181,10.598609013557434,126.4838850402832,17.273943643569947,53.33084197998047,107.30924488067627,-102.6682196044922,-42.07854745864868,549.0526870727539,-127.16619758605957,107.37172066092491,1923.1844348144532,292.28506744384765,1150.4919702148438,-21.261847190856933,-36.35117534637451,-27.914733142852782,7.604977984428405,-40.00339916229248,-24.442653083801268,-4.97947591304779,-93.08365081787109,-55.63844326019287,97.28068012237549,-61.54304626464844,4.703432105332613,-2.4189217281341553,-298.46270355224607,-171.91143829345702,1189.7410333251953,-417.7774926757813,210.0601786804199,7487.365952148438,-1985.5137646484375,2414.6665075683595,57.68655754089355,33.53637351989746,44.48170997619629,-1.2376130309700966,-33.01729782104492,-17.138564672470093,10.442869785130023,-51.95374931335449,-19.3558598613739,108.3509171295166,-14.2777091217041,49.85834705352783,-54.30792106628418,-523.5948117065429,-400.8633666992188,1019.2202404785156,-130.19459678649903,325.4477587890625,4550.684624023437,-7600.035141601563,1290.33177734375,46.213822555541995,21.074944496154785,30.510946102142334,112.50866897583008,48.22667823791504,74.37231140136718,87.42011917114257,-8.120956015586852,29.43637228012085,321.01148345947263,125.91728790283203,220.85940383911134,565.0142919921875,193.58463516235352,387.8084637451172,1903.6833813476562,45.67254511594772,956.671509399414,7900.190541992188,-4255.89044921875,3230.170988769531
